{"setName":"gopal","weight":50,"weights":[30,20],"indexes":[2,1]}
{"setName":"gopal","weight":50,"weights":[30,20]"indexes":[2,1]

{
	"id" : "ravi",
    "status" : "",
    "problem" : {
        "capacity" : 50,
        "weights" : [ 10, 20, 30 ],
        "values" : [ 60, 100, 120 ]
    },
    "solution" :{}
}


{
	"id" : "gopal",
    "status" : "",
    "problem" : {
        "capacity" : 10,
        "weights" : [12, 13, 15, 19],
        "values" : [10, 20, 30, 40]
    },
    "solution" :{}
}

{
	"id" : "grg",
    "status" : "",
    "problem" : {
        "capacity" : 60,
        "weights" : [20, 10, 40, 30],
        "values" : [40, 100, 50, 60]
    },
    "solution" :{}
}