{"id":"grg","status":"completed","problem":{"capacity":60,"weights": [20,10,40,30],"values": [40,100,50,60]},"solution":{"total_value":200,"packed_items": [3,1,0]},"timestamps": {"submitted":"2021-06-19T10:45:41.271","started":"2021-06-19T10:45:41.271","completed": "2021-06-19T10:45:41.271"}}
{"id":"ravi","status":"completed","problem":{"capacity":50,"weights": [10,20,30],"values": [60,100,120]},"solution":{"total_value":220,"packed_items": [2,1]},"timestamps": {"submitted":"2021-06-19T10:47:54.252","started":"2021-06-19T10:47:54.252","completed": "2021-06-19T10:47:54.252"}}
{"id":"gopal","status":"completed","problem":{"capacity":10,"weights": [12,13,15,19],"values": [10,20,30,40]},"solution":"No solution found","timestamps": {"submitted":"2021-06-19T10:49:05.007","started":"2021-06-19T10:49:05.007","completed": "2021-06-19T10:49:05.007"}}
